use university;




-- 컴퓨터공학과 : 160
insert into student(st_id, st_name, st_major, st_grade)
values
	('2024160001', '고길동', '컴퓨터공학과', 1),
    ('2024160002', '둘리', '컴퓨터공학과', 1),
    ('2024160003', '유재석', '컴퓨터공학과', 1),
    ('2024160004', '임꺽정', '컴퓨터공학과', 1),
    ('2024160005', '홍길동', '컴퓨터공학과', 1)
;

-- 화학공학과 : 135
insert into student(st_id, st_name, st_major, st_grade)
values
	('2024135001', '강호동', '화학공학과', 1),
    ('2024135002', '나영석', '화학공학과', 1),
    ('2024135003', '이둘리', '화학공학과', 1)
;

-- 기계공학과 : 123
insert into student(st_id, st_name, st_major, st_grade)
values
	('2024123001', '가나다', '기계공학과', 1),
    ('2024123002', '마둘리', '기계공학과', 1),
    ('2024123003', '박둘리', '기계공학과', 1)
;

-- 교수진 추가
insert into professor(pf_id, pf_name, pf_major, pf_room)
values
	('2024160001', '박교수' , '컴퓨터공학과' , '3관 101호'),
    ('2024135001', '이교수' , '화학공학과' , '3관 201호'),
    ('2024123001', '김교수' , '기계공학과' , '3관 301호')
;

insert into lecture
values
	(null, '컴퓨터개론', '전공필수', '1관 101호', '월 1A, 1B, 2A, 2B', 2, 2, '2024160001'),
    (null, '프로그래밍언어', '전공필수', '1관 101호', '월 5A, 5B, 6A, 6B,수5A, 5B, 6A, 6B', 3, 4, '2024160001'),
    (null, '화학기초', '전공필수', '2관 101호', '화 1A, 1B, 2A, 2B, 금 1A, 1B, 2A, 2B', 3, 4, '2024135001'),
    (null, '동역학', '전공필수', '4관 101호', '수 1A, 1B, 2B, 3A, 3B, 4A, 4B', 3, 4, '2024123001')
;


-- 수강등록
-- 컴퓨터공학과 등록
insert into course(cs_st_id, cs_lc_id)
values
	-- 고길동, 임꺽정 학생 
	("2024160005", 1),
	("2024160005", 2),
	("2024160002", 1),
	("2024160002", 2),
    -- 둘리, 홍길동 학생
	("2024160001", 1),
	("2024160004", 1),
    -- 유재석 학생
	("2024160003", 2)
;

-- 화학공학과 등록
insert into course(cs_st_id, cs_lc_id)
values
	('2024135001', 3),
    ('2024135002', 3)
;

-- 기계공학과 등록
insert into course(cs_st_id, cs_lc_id)
values
	('2024123001',4),
    ('2024123002',4),
    ('2024123003',4),
    -- 
    ('2024123001',2)
;


